,age,balance,day,duration,campaign,pdays,previous
count,45211.0,45211.0,45211.0,45211.0,45211.0,45211.0,45211.0
mean,40.93621021432837,1362.2720576850766,15.80641879188693,258.1630797814691,2.763840658246887,40.19782796222158,0.5803233726305546
std,10.61876204097542,3044.765829168518,8.322476153044592,257.5278122651719,3.0980208832791694,100.12874599059835,2.3034410449312213
min,18.0,-8019.0,1.0,0.0,1.0,-1.0,0.0
25%,33.0,72.0,8.0,103.0,1.0,-1.0,0.0
50%,39.0,448.0,16.0,180.0,2.0,-1.0,0.0
75%,48.0,1428.0,21.0,319.0,3.0,-1.0,0.0
max,95.0,102127.0,31.0,4918.0,63.0,871.0,275.0
