{
    "accuracy": 0.8465111135685061,
    "precision": 0.8985060385719813,
    "recall": 0.8465111135685061,
    "f1_score": 0.8639718249417835,
    "best_params_bootstrap": 1,
    "best_params_max_depth": 15.0,
    "best_params_max_features": 1,
    "best_params_min_samples_leaf": 2.0,
    "best_params_min_samples_split": 4.0,
    "best_params_n_estimators": 150.0,
    "run_id": "410a73c1bac54227bc2464535ccac49f",
    "timestamp": "20241115-001956"
}