{
    "accuracy": 0.8420878027203361,
    "precision": 0.8984364219004427,
    "recall": 0.8420878027203361,
    "f1_score": 0.8607795169255817,
    "best_params": {
        "bootstrap": 1,
        "max_depth": 15.0,
        "max_features": 0,
        "min_samples_leaf": 3.0,
        "min_samples_split": 4.0,
        "n_estimators": 100.0
    },
    "run_id": "350ab58b64cd4fb9acd8df10b98001db",
    "timestamp": "20241113-015720"
}