{
    "accuracy": 0.8427512993475617,
    "precision": 0.8989911955374484,
    "recall": 0.8427512993475617,
    "f1_score": 0.8613644769384994,
    "best_params": {
        "bootstrap": 1,
        "max_depth": 15.0,
        "max_features": 1,
        "min_samples_leaf": 3.0,
        "min_samples_split": 6.0,
        "n_estimators": 100.0
    },
    "run_id": "9751a949bb7649bc95686a98819f9e0c",
    "timestamp": "20241113-030905"
}