{
    "accuracy": 0.8372221607873493,
    "precision": 0.8990911245424379,
    "recall": 0.8372221607873493,
    "f1_score": 0.8573859512693146,
    "best_params": {
        "n_estimators": 100,
        "max_depth": 15,
        "min_samples_split": 2,
        "min_samples_leaf": 2,
        "max_features": "sqrt",
        "bootstrap": true
    },
    "run_id": "93f96c74f6e54ebba8b8e907a7285169",
    "timestamp": "20241109-195939"
}