{
    "accuracy": 0.8446312064580338,
    "precision": 0.8994935074391343,
    "recall": 0.8446312064580338,
    "f1_score": 0.8628162469854348,
    "best_params": {
        "bootstrap": 1,
        "max_depth": 15.0,
        "max_features": 0,
        "min_samples_leaf": 2.0,
        "min_samples_split": 4.0,
        "n_estimators": 100.0
    },
    "run_id": "21b60c98169940ebb6a14939a74ca549",
    "timestamp": "20241113-023057"
}