{
    "accuracy": 0.7539533340705518,
    "precision": 0.8923559337989424,
    "recall": 0.7539533340705518,
    "f1_score": 0.7944562562817402,
    "best_params": {
        "bootstrap": 0,
        "max_depth": 5.0,
        "max_features": 0,
        "min_samples_leaf": 2.0,
        "min_samples_split": 2.0,
        "n_estimators": 50.0
    },
    "run_id": "b091bba39ca94d0db0e2631d0c950ae9",
    "timestamp": "20241113-063311"
}