{
    "accuracy": 0.8041579121972796,
    "precision": 0.8981040546028047,
    "recall": 0.8041579121972796,
    "f1_score": 0.8329500437324047,
    "best_params": {
        "bootstrap": 0,
        "max_depth": 10.0,
        "max_features": 0,
        "min_samples_leaf": 3.0,
        "min_samples_split": 2.0,
        "n_estimators": 50.0
    },
    "run_id": "4762c6aac43f4dfe82fe912a02592b36",
    "timestamp": "20241113-200258"
}