{
    "accuracy": 0.8391020678978215,
    "precision": 0.8990557826510672,
    "recall": 0.8391020678978215,
    "f1_score": 0.8587410664815,
    "best_params": {
        "bootstrap": 0,
        "max_depth": 15.0,
        "max_features": 0,
        "min_samples_leaf": 1.0,
        "min_samples_split": 2.0,
        "n_estimators": 100.0
    },
    "run_id": "457c22ca17b24616b87484d93a96f535",
    "timestamp": "20241113-064203"
}