{
    "accuracy": 0.8415348888643149,
    "precision": 0.8970277022503301,
    "recall": 0.8415348888643149,
    "f1_score": 0.8601071932812403,
    "best_params": {
        "bootstrap": 1,
        "max_depth": 15.0,
        "max_features": 0,
        "min_samples_leaf": 3.0,
        "min_samples_split": 4.0,
        "n_estimators": 50.0
    },
    "run_id": "de366863edd54b109be3277e8da88a3f",
    "timestamp": "20241113-204107"
}