{
    "accuracy": 0.8428618821187659,
    "precision": 0.8983901585547972,
    "recall": 0.8428618821187659,
    "f1_score": 0.8613278124377298,
    "best_params": {
        "bootstrap": 1,
        "max_depth": 15.0,
        "max_features": 1,
        "min_samples_leaf": 3.0,
        "min_samples_split": 4.0,
        "n_estimators": 150.0
    },
    "run_id": "751f5d5bc9e9462ba058bb68cee40a47",
    "timestamp": "20241114-022535"
}