{
    "accuracy": 0.8445206236868296,
    "precision": 0.8979591782600053,
    "recall": 0.8445206236868296,
    "f1_score": 0.8624346102769863,
    "best_params": {
        "bootstrap": 1,
        "max_depth": 15.0,
        "max_features": 1,
        "min_samples_leaf": 1.0,
        "min_samples_split": 4.0,
        "n_estimators": 100.0
    },
    "run_id": "44f1d77529cb41cfa07f0701f1a8a943",
    "timestamp": "20241113-010941"
}