{
    "accuracy": 0.8444100409156253,
    "precision": 0.8976788423918706,
    "recall": 0.8444100409156253,
    "f1_score": 0.8622992168607553,
    "best_params": {
        "bootstrap": 1,
        "max_depth": 15.0,
        "max_features": 1,
        "min_samples_leaf": 1.0,
        "min_samples_split": 2.0,
        "n_estimators": 50.0
    },
    "run_id": "5775ed29dbf94d9795bcac5f43a8fab2",
    "timestamp": "20241113-043408"
}