{
    "accuracy": 0.8439677098308084,
    "precision": 0.8981847548555147,
    "recall": 0.8439677098308084,
    "f1_score": 0.8620825246863465,
    "best_params": {
        "bootstrap": 1,
        "max_depth": 15.0,
        "max_features": 0,
        "min_samples_leaf": 3.0,
        "min_samples_split": 4.0,
        "n_estimators": 100.0
    },
    "run_id": "19f708510e9e42398ad9efea1d3827ab",
    "timestamp": "20241112-191818"
}