{
    "accuracy": 0.7563861550370452,
    "precision": 0.8936343862034425,
    "recall": 0.7563861550370452,
    "f1_score": 0.796426389342016,
    "best_params": {
        "bootstrap": 0,
        "max_depth": 5.0,
        "max_features": 1,
        "min_samples_leaf": 2.0,
        "min_samples_split": 4.0,
        "n_estimators": 150.0
    },
    "run_id": "187fd6261e9c4105b0b60da36358f63a",
    "timestamp": "20241113-061211"
}