{
    "accuracy": 0.8435253787459914,
    "precision": 0.8993232060525089,
    "recall": 0.8435253787459914,
    "f1_score": 0.8619863888502243,
    "best_params": {
        "bootstrap": 1,
        "max_depth": 15.0,
        "max_features": 1,
        "min_samples_leaf": 2.0,
        "min_samples_split": 4.0,
        "n_estimators": 150.0
    },
    "run_id": "16bd5eaf1061411fa37b33ab7b7edd2a",
    "timestamp": "20241113-060330"
}