{
    "accuracy": 0.8426407165763574,
    "precision": 0.8979532222077323,
    "recall": 0.8426407165763574,
    "f1_score": 0.8610834166358723,
    "best_params": {
        "bootstrap": 1,
        "max_depth": 15.0,
        "max_features": 0,
        "min_samples_leaf": 3.0,
        "min_samples_split": 6.0,
        "n_estimators": 100.0
    },
    "run_id": "bac5301623ea43b98ea1ae384100b1b7",
    "timestamp": "20241113-053859"
}