{
    "accuracy": 0.801614508459582,
    "precision": 0.8981761154180181,
    "recall": 0.801614508459582,
    "f1_score": 0.8310670002765816,
    "best_params": {
        "bootstrap": 0,
        "max_depth": 10.0,
        "max_features": 0,
        "min_samples_leaf": 2.0,
        "min_samples_split": 6.0,
        "n_estimators": 150.0
    },
    "run_id": "bf3d519db1bf4b5bb59aeae84375a6c6",
    "timestamp": "20241113-182349"
}