{
    "accuracy": 0.8438571270596041,
    "precision": 0.8974029164304422,
    "recall": 0.8438571270596041,
    "f1_score": 0.8618475602497188,
    "best_params": {
        "bootstrap": 1,
        "max_depth": 15.0,
        "max_features": 1,
        "min_samples_leaf": 2.0,
        "min_samples_split": 6.0,
        "n_estimators": 100.0
    },
    "run_id": "952a78a78f824f858f2ad6fedc6eedd3",
    "timestamp": "20241113-192713"
}