{
    "accuracy": 0.8023885878580117,
    "precision": 0.898323737697395,
    "recall": 0.8023885878580117,
    "f1_score": 0.8316625971594599,
    "best_params": {
        "bootstrap": 0,
        "max_depth": 10.0,
        "max_features": 1,
        "min_samples_leaf": 2.0,
        "min_samples_split": 4.0,
        "n_estimators": 50.0
    },
    "run_id": "1ae8fa7ff2884afd8b6eefaa541d1131",
    "timestamp": "20241113-201917"
}