{
    "accuracy": 0.8461793652548932,
    "precision": 0.897667799842022,
    "recall": 0.8461793652548932,
    "f1_score": 0.8635640911703323,
    "best_params": {
        "bootstrap": 1,
        "max_depth": 15.0,
        "max_features": 1,
        "min_samples_leaf": 1.0,
        "min_samples_split": 4.0,
        "n_estimators": 100.0
    },
    "run_id": "89ddb463b48e4847b168d871cd7839d2",
    "timestamp": "20241114-014654"
}