{
    "accuracy": 0.8434147959747871,
    "precision": 0.8992937416645441,
    "recall": 0.8434147959747871,
    "f1_score": 0.8619009937953789,
    "best_params": {
        "bootstrap": 1,
        "max_depth": 15.0,
        "max_features": 0,
        "min_samples_leaf": 3.0,
        "min_samples_split": 4.0,
        "n_estimators": 50.0
    },
    "run_id": "7f48962baa3747f0876270b6e2757f78",
    "timestamp": "20241113-063457"
}