{
    "accuracy": 0.7566073205794537,
    "precision": 0.8926036159156026,
    "recall": 0.7566073205794537,
    "f1_score": 0.7965098156947015,
    "best_params": {
        "bootstrap": 1,
        "max_depth": 5.0,
        "max_features": 1,
        "min_samples_leaf": 2.0,
        "min_samples_split": 2.0,
        "n_estimators": 150.0
    },
    "run_id": "5b9100841c6a4557af19a94496a8546c",
    "timestamp": "20241113-194556"
}